Frame,CalcTime_s,MemUsage_KB,AvgTime_s,AvgMem_KB
1,0.000255,50.19,0.000255,50.19
2,0.000262,59.20,0.000258,54.70
3,0.000255,67.79,0.000257,59.06
4,0.000256,50.74,0.000257,56.98
5,0.000260,59.33,0.000258,57.45
6,0.000261,67.92,0.000258,59.20
7,0.000254,50.74,0.000258,57.99
8,0.000254,59.33,0.000257,58.16
9,0.000256,67.92,0.000257,59.24
10,0.000251,50.63,0.000256,58.38
11,0.000251,59.22,0.000256,58.46
12,0.000258,67.81,0.000256,59.24
13,0.000259,50.70,0.000256,58.58
14,0.000257,59.29,0.000256,58.63
15,0.000259,67.88,0.000257,59.25
16,0.000259,50.66,0.000257,58.71
17,0.000261,59.25,0.000257,58.74
18,0.000253,67.84,0.000257,59.25
19,0.000254,50.70,0.000257,58.80
20,0.000256,59.29,0.000257,58.82
21,0.000260,67.88,0.000257,59.25
22,0.000251,50.66,0.000256,58.86
23,0.000248,59.25,0.000256,58.88
24,0.000251,67.84,0.000256,59.25
25,0.000249,50.63,0.000256,58.91
26,0.000251,59.22,0.000255,58.92
27,0.000260,67.81,0.000256,59.25
28,0.000250,50.74,0.000255,58.95
29,0.000259,59.33,0.000256,58.96
30,0.000259,67.92,0.000256,59.26
31,0.000258,50.63,0.000256,58.98
32,0.000259,59.22,0.000256,58.99
33,0.000261,67.81,0.000256,59.25
34,0.000257,50.74,0.000256,59.00
35,0.000260,59.33,0.000256,59.01
36,0.000260,67.92,0.000256,59.26
37,0.000253,50.63,0.000256,59.03
38,0.000258,59.22,0.000256,59.03
39,0.000257,67.81,0.000256,59.26
40,0.000258,50.74,0.000256,59.04
41,0.000260,59.33,0.000256,59.05
42,0.000259,67.92,0.000256,59.26
43,0.000262,50.63,0.000257,59.06
44,0.000264,59.22,0.000257,59.07
45,0.000261,67.81,0.000257,59.26
46,0.000271,50.74,0.000257,59.08
47,0.000270,59.33,0.000257,59.08
48,0.000262,67.92,0.000257,59.26
49,0.000266,50.63,0.000258,59.09
50,0.000262,59.22,0.000258,59.09
51,0.000252,67.81,0.000258,59.26
52,0.000258,50.74,0.000258,59.10
53,0.000255,59.33,0.000258,59.10
54,0.000256,67.92,0.000258,59.27
55,0.000255,50.66,0.000258,59.11
56,0.000262,59.25,0.000258,59.11
57,0.000254,67.84,0.000258,59.27
58,0.000256,50.63,0.000257,59.12
59,0.000259,59.22,0.000258,59.12
60,0.000250,67.81,0.000257,59.26
61,0.000260,50.74,0.000257,59.12
62,0.000259,59.33,0.000257,59.13
63,0.000261,67.92,0.000258,59.27
64,0.000253,50.70,0.000257,59.13
65,0.000254,59.29,0.000257,59.13
66,0.000257,67.88,0.000257,59.27
67,0.000249,50.63,0.000257,59.14
68,0.000260,59.22,0.000257,59.14
69,0.000255,67.81,0.000257,59.27
70,0.000255,50.63,0.000257,59.14
71,0.000256,59.22,0.000257,59.14
72,0.000264,67.81,0.000257,59.26
73,0.000250,50.63,0.000257,59.14
74,0.000258,59.22,0.000257,59.15
75,0.000262,67.81,0.000257,59.26
76,0.000256,50.63,0.000257,59.15
77,0.000261,59.22,0.000257,59.15
78,0.000269,67.81,0.000257,59.26
79,0.000264,50.63,0.000258,59.15
80,0.000253,59.22,0.000258,59.15
81,0.000250,67.81,0.000257,59.26
82,0.000247,50.74,0.000257,59.15
83,0.000264,59.33,0.000257,59.16
84,0.000249,67.92,0.000257,59.26
85,0.000266,50.63,0.000257,59.16
86,0.000298,59.22,0.000258,59.16
87,0.000257,67.81,0.000258,59.26
88,0.000257,50.71,0.000258,59.16
89,0.000266,59.30,0.000258,59.16
90,0.000253,67.89,0.000258,59.26
91,0.000272,50.67,0.000258,59.17
92,0.000260,59.26,0.000258,59.17
93,0.000265,67.85,0.000258,59.26
94,0.000249,50.75,0.000258,59.17
95,0.000259,59.34,0.000258,59.17
96,0.000261,67.93,0.000258,59.26
97,0.000249,50.63,0.000258,59.17
98,0.000256,59.22,0.000258,59.17
99,0.000260,67.81,0.000258,59.26
100,0.000283,50.71,0.000258,59.18
101,0.000265,59.29,0.000258,59.18
102,0.000259,67.88,0.000258,59.26
103,0.000268,50.66,0.000258,59.18
104,0.000258,59.25,0.000258,59.18
105,0.000253,67.84,0.000258,59.26
106,0.000257,50.70,0.000258,59.18
107,0.000262,59.29,0.000258,59.18
108,0.000253,67.88,0.000258,59.26
109,0.000255,50.66,0.000258,59.18
110,0.000263,59.25,0.000258,59.19
111,0.000255,67.84,0.000258,59.26
112,0.000249,50.70,0.000258,59.19
113,0.000262,59.29,0.000258,59.19
114,0.000256,67.88,0.000258,59.26
115,0.000263,50.66,0.000258,59.19
116,0.000254,59.25,0.000258,59.19
117,0.000253,67.84,0.000258,59.26
118,0.000257,50.63,0.000258,59.19
119,0.000251,59.22,0.000258,59.19
120,0.000260,67.81,0.000258,59.26
121,0.000257,50.70,0.000258,59.19
122,0.000259,59.29,0.000258,59.19
123,0.000260,67.88,0.000258,59.26
124,0.000255,50.74,0.000258,59.19
125,0.000262,59.33,0.000258,59.20
126,0.000264,67.92,0.000258,59.26
127,0.000261,50.63,0.000258,59.20
128,0.000263,59.22,0.000258,59.20
129,0.000256,67.81,0.000258,59.26
130,0.000255,50.74,0.000258,59.20
131,0.000263,59.33,0.000258,59.20
132,0.000256,67.92,0.000258,59.27
133,0.000258,50.63,0.000258,59.20
134,0.000259,59.22,0.000258,59.20
135,0.000257,67.81,0.000258,59.26
136,0.000257,50.74,0.000258,59.20
137,0.000251,59.33,0.000258,59.20
138,0.000258,67.92,0.000258,59.27
139,0.000258,50.63,0.000258,59.20
140,0.000262,59.22,0.000258,59.20
141,0.000257,67.81,0.000258,59.26
142,0.000257,50.74,0.000258,59.20
143,0.000262,59.33,0.000258,59.21
144,0.000265,67.92,0.000258,59.27
145,0.000256,50.63,0.000258,59.21
146,0.000252,59.22,0.000258,59.21
147,0.000260,67.81,0.000258,59.27
148,0.000254,50.74,0.000258,59.21
149,0.000263,59.33,0.000258,59.21
150,0.000257,67.92,0.000258,59.27
151,0.000257,50.66,0.000258,59.21
152,0.000262,59.25,0.000258,59.21
153,0.000254,67.84,0.000258,59.27
154,0.000255,50.63,0.000258,59.21
155,0.000254,59.22,0.000258,59.21
156,0.000263,67.81,0.000258,59.27
157,0.000257,50.74,0.000258,59.21
158,0.000276,59.33,0.000258,59.21
159,0.000252,67.92,0.000258,59.27
160,0.000253,50.70,0.000258,59.21
161,0.000265,59.29,0.000258,59.21
162,0.000258,67.88,0.000258,59.27
163,0.000261,50.63,0.000258,59.21
164,0.000258,59.22,0.000258,59.21
165,0.000252,67.81,0.000258,59.27
166,0.000259,50.63,0.000258,59.21
167,0.000254,59.22,0.000258,59.21
168,0.000258,67.81,0.000258,59.27
169,0.000256,50.63,0.000258,59.21
170,0.000253,59.22,0.000258,59.21
171,0.000259,67.81,0.000258,59.26
172,0.000249,50.63,0.000258,59.21
173,0.000259,59.22,0.000258,59.21
174,0.000260,67.81,0.000258,59.26
175,0.000259,50.63,0.000258,59.21
176,0.000253,59.22,0.000258,59.21
177,0.000259,67.81,0.000258,59.26
178,0.000258,50.74,0.000258,59.22
179,0.000258,59.33,0.000258,59.22
180,0.000270,67.92,0.000258,59.26
181,0.000256,50.63,0.000258,59.22
182,0.000254,59.22,0.000258,59.22
183,0.000257,67.81,0.000258,59.26
184,0.000262,50.71,0.000258,59.22
185,0.000259,59.30,0.000258,59.22
186,0.000253,67.89,0.000258,59.26
187,0.000257,50.67,0.000258,59.22
188,0.000262,59.26,0.000258,59.22
189,0.000250,67.85,0.000258,59.26
190,0.000252,50.75,0.000258,59.22
191,0.000261,59.34,0.000258,59.22
192,0.000261,67.93,0.000258,59.27
193,0.000256,50.63,0.000258,59.22
194,0.000259,59.22,0.000258,59.22
195,0.000248,67.81,0.000258,59.26
196,0.000249,50.71,0.000258,59.22
197,0.000253,59.29,0.000258,59.22
198,0.000257,67.88,0.000258,59.26
199,0.000260,50.66,0.000258,59.22
200,0.000256,59.25,0.000258,59.22
201,0.000259,67.84,0.000258,59.26
202,0.000256,50.70,0.000258,59.22
203,0.000256,59.29,0.000258,59.22
204,0.000262,67.88,0.000258,59.27
205,0.000256,50.66,0.000258,59.22
206,0.000259,59.25,0.000258,59.22
207,0.000253,67.84,0.000258,59.26
208,0.000250,50.70,0.000258,59.22
209,0.000261,59.29,0.000258,59.22
210,0.000257,67.88,0.000258,59.27
211,0.000261,50.66,0.000258,59.22
212,0.000252,59.25,0.000258,59.22
213,0.000252,67.84,0.000258,59.27
214,0.000258,50.63,0.000258,59.22
215,0.000250,59.22,0.000258,59.22
216,0.000257,67.81,0.000258,59.26
217,0.000251,50.70,0.000258,59.22
218,0.000250,59.29,0.000258,59.23
219,0.000261,67.88,0.000258,59.26
220,0.000258,50.74,0.000258,59.23
221,0.000252,59.33,0.000258,59.23
222,0.000258,67.92,0.000258,59.27
223,0.000248,50.63,0.000258,59.23
224,0.000248,59.22,0.000258,59.23
225,0.000259,67.81,0.000258,59.27
226,0.000250,50.74,0.000258,59.23
227,0.000253,59.33,0.000258,59.23
228,0.000251,67.92,0.000258,59.27
229,0.000256,50.63,0.000258,59.23
230,0.000259,59.22,0.000258,59.23
231,0.000260,67.81,0.000258,59.27
232,0.000249,50.74,0.000258,59.23
233,0.000262,59.33,0.000258,59.23
234,0.000260,67.92,0.000258,59.27
235,0.000256,50.63,0.000258,59.23
236,0.000260,59.22,0.000258,59.23
237,0.000259,67.81,0.000258,59.27
238,0.000257,50.74,0.000258,59.23
239,0.000254,59.33,0.000258,59.23
240,0.000258,67.92,0.000258,59.27
241,0.000260,50.63,0.000258,59.23
242,0.000261,59.22,0.000258,59.23
243,0.000255,67.81,0.000258,59.27
244,0.000254,50.74,0.000258,59.23
245,0.000263,59.33,0.000258,59.23
246,0.000257,67.92,0.000258,59.27
247,0.000259,50.66,0.000258,59.23
248,0.000257,59.25,0.000258,59.23
249,0.000254,67.84,0.000258,59.27
250,0.000255,50.63,0.000258,59.23
251,0.000262,59.22,0.000258,59.23
252,0.000258,67.81,0.000258,59.27
253,0.000262,50.74,0.000258,59.23
254,0.000262,59.33,0.000258,59.23
255,0.000253,67.92,0.000258,59.27
256,0.000254,50.70,0.000258,59.23
257,0.000267,59.29,0.000258,59.23
258,0.000260,67.88,0.000258,59.27
259,0.000258,50.63,0.000258,59.23
260,0.000250,59.22,0.000258,59.23
261,0.000255,67.81,0.000258,59.27
262,0.000258,50.63,0.000258,59.23
263,0.000256,59.22,0.000258,59.23
264,0.000256,67.81,0.000258,59.27
265,0.000255,50.63,0.000258,59.23
266,0.000256,59.22,0.000258,59.23
267,0.000248,67.81,0.000258,59.27
268,0.000253,50.63,0.000258,59.23
269,0.000264,59.22,0.000258,59.23
270,0.000247,67.81,0.000258,59.26
271,0.000250,50.63,0.000257,59.23
272,0.000258,59.22,0.000257,59.23
273,0.000263,67.81,0.000258,59.26
274,0.000271,50.74,0.000258,59.23
275,0.000265,59.33,0.000258,59.23
276,0.000259,67.92,0.000258,59.27
277,0.000245,50.63,0.000258,59.23
278,0.000265,59.22,0.000258,59.23
279,0.000260,67.81,0.000258,59.26
280,0.000260,50.71,0.000258,59.23
281,0.000254,59.30,0.000258,59.23
282,0.000252,67.89,0.000258,59.26
283,0.000255,50.67,0.000258,59.23
284,0.000257,59.26,0.000258,59.23
285,0.000261,67.85,0.000258,59.26
286,0.000252,50.75,0.000258,59.24
287,0.000266,59.34,0.000258,59.24
288,0.000249,67.93,0.000258,59.27
289,0.000257,50.63,0.000258,59.24
290,0.000264,59.22,0.000258,59.24
291,0.000256,67.81,0.000258,59.27
292,0.000255,50.71,0.000258,59.24
293,0.000257,59.29,0.000258,59.24
294,0.000255,67.88,0.000258,59.27
295,0.000261,50.66,0.000258,59.24
296,0.000273,59.25,0.000258,59.24
297,0.000266,67.84,0.000258,59.27
298,0.000260,50.70,0.000258,59.24
299,0.000262,59.29,0.000258,59.24
300,0.000265,67.88,0.000258,59.27
301,0.000265,50.66,0.000258,59.24
302,0.000269,59.25,0.000258,59.24
303,0.000261,67.84,0.000258,59.27
304,0.000266,50.70,0.000258,59.24
305,0.000270,59.29,0.000258,59.24
306,0.000270,67.88,0.000258,59.27
307,0.000257,50.66,0.000258,59.24
308,0.000255,59.25,0.000258,59.24
309,0.000258,67.84,0.000258,59.27
310,0.000253,50.63,0.000258,59.24
311,0.000263,59.22,0.000258,59.24
312,0.000260,67.81,0.000258,59.27
313,0.000261,50.70,0.000258,59.24
314,0.000261,59.29,0.000258,59.24
315,0.000257,67.88,0.000258,59.27
316,0.000249,50.74,0.000258,59.24
317,0.000259,59.33,0.000258,59.24
318,0.000258,67.92,0.000258,59.27
319,0.000253,50.63,0.000258,59.24
320,0.000255,59.22,0.000258,59.24
321,0.000254,67.81,0.000258,59.27
322,0.000259,50.74,0.000258,59.24
323,0.000266,59.33,0.000258,59.24
324,0.000261,67.92,0.000258,59.27
325,0.000251,50.63,0.000258,59.24
326,0.000252,59.22,0.000258,59.24
327,0.000256,67.81,0.000258,59.27
328,0.000260,50.74,0.000258,59.24
329,0.000265,59.33,0.000258,59.24
330,0.000256,67.92,0.000258,59.27
331,0.000261,50.63,0.000258,59.24
332,0.000257,59.22,0.000258,59.24
333,0.000256,67.81,0.000258,59.27
334,0.000251,50.74,0.000258,59.24
335,0.000263,59.33,0.000258,59.24
336,0.000258,67.92,0.000258,59.27
337,0.000262,50.63,0.000258,59.24
338,0.000250,59.22,0.000258,59.24
339,0.000248,67.81,0.000258,59.27
340,0.000262,50.74,0.000258,59.24
341,0.000256,59.33,0.000258,59.24
342,0.000254,67.92,0.000258,59.27
343,0.000261,50.66,0.000258,59.24
344,0.000253,59.25,0.000258,59.24
345,0.000259,67.84,0.000258,59.27
346,0.000256,50.63,0.000258,59.24
347,0.000259,59.22,0.000258,59.24
348,0.000262,67.81,0.000258,59.27
349,0.000260,50.74,0.000258,59.24
350,0.000247,59.33,0.000258,59.24
351,0.000261,67.92,0.000258,59.27
352,0.000250,50.70,0.000258,59.24
353,0.000254,59.29,0.000258,59.24
354,0.000261,67.88,0.000258,59.27
355,0.000257,50.63,0.000258,59.24
356,0.000262,59.22,0.000258,59.24
357,0.000258,67.81,0.000258,59.27
358,0.000257,50.63,0.000258,59.24
359,0.000252,59.22,0.000258,59.24
360,0.000263,67.81,0.000258,59.27
361,0.000250,50.63,0.000258,59.24
362,0.000261,59.22,0.000258,59.24
363,0.000262,67.81,0.000258,59.27
364,0.000252,50.63,0.000258,59.24
365,0.000253,59.22,0.000258,59.24
366,0.000256,67.81,0.000258,59.27
367,0.000256,50.63,0.000258,59.24
368,0.000260,59.22,0.000258,59.24
369,0.000253,67.81,0.000258,59.26
370,0.000258,50.74,0.000258,59.24
371,0.000264,59.33,0.000258,59.24
372,0.000259,67.92,0.000258,59.27
373,0.000259,50.63,0.000258,59.24
374,0.000250,59.22,0.000258,59.24
375,0.000255,67.81,0.000258,59.27
376,0.000251,50.71,0.000258,59.24
377,0.000253,59.30,0.000258,59.24
378,0.000258,67.89,0.000258,59.27
379,0.000252,50.67,0.000258,59.24
380,0.000255,59.26,0.000258,59.24
381,0.000256,67.85,0.000258,59.27
382,0.000264,50.75,0.000258,59.24
383,0.000266,59.34,0.000258,59.24
384,0.000262,67.93,0.000258,59.27
385,0.000263,50.63,0.000258,59.24
386,0.000258,59.22,0.000258,59.24
387,0.000256,67.81,0.000258,59.27
388,0.000263,50.71,0.000258,59.24
389,0.000267,59.29,0.000258,59.24
390,0.000260,67.88,0.000258,59.27
391,0.000252,50.66,0.000258,59.24
392,0.000258,59.25,0.000258,59.24
393,0.000258,67.84,0.000258,59.27
394,0.000253,50.70,0.000258,59.24
395,0.000252,59.29,0.000258,59.24
396,0.000260,67.88,0.000258,59.27
397,0.000258,50.66,0.000258,59.24
398,0.000259,59.25,0.000258,59.24
399,0.000258,67.84,0.000258,59.27
400,0.000258,50.70,0.000258,59.24
401,0.000258,59.29,0.000258,59.24
402,0.000258,67.88,0.000258,59.27
403,0.000249,50.66,0.000258,59.24
404,0.000255,59.25,0.000258,59.24
405,0.000249,67.84,0.000258,59.27
406,0.000251,50.63,0.000258,59.24
407,0.000257,59.22,0.000258,59.24
408,0.000261,67.81,0.000258,59.27
409,0.000258,50.70,0.000258,59.24
410,0.000256,59.29,0.000258,59.24
411,0.000259,67.88,0.000258,59.27
412,0.000253,50.74,0.000258,59.25
413,0.000256,59.33,0.000258,59.25
414,0.000260,67.92,0.000258,59.27
415,0.000257,50.63,0.000258,59.25
416,0.000261,59.22,0.000258,59.25
417,0.000258,67.81,0.000258,59.27
418,0.000250,50.74,0.000258,59.25
419,0.000252,59.33,0.000258,59.25
420,0.000255,67.92,0.000258,59.27
421,0.000251,50.63,0.000258,59.25
422,0.000253,59.22,0.000258,59.25
423,0.000251,67.81,0.000258,59.27
424,0.000257,50.74,0.000258,59.25
425,0.000260,59.33,0.000258,59.25
426,0.000258,67.92,0.000258,59.27
427,0.000261,50.63,0.000258,59.25
428,0.000257,59.22,0.000258,59.25
429,0.000251,67.81,0.000258,59.27
430,0.000261,50.74,0.000258,59.25
431,0.000268,59.33,0.000258,59.25
432,0.000272,67.92,0.000258,59.27
433,0.000260,50.63,0.000258,59.25
434,0.000252,59.22,0.000258,59.25
435,0.000250,67.81,0.000258,59.27
436,0.000257,50.74,0.000258,59.25
437,0.000253,59.33,0.000258,59.25
438,0.000256,67.92,0.000258,59.27
439,0.000262,50.66,0.000258,59.25
440,0.000258,59.25,0.000258,59.25
441,0.000253,67.84,0.000258,59.27
442,0.000259,50.63,0.000258,59.25
443,0.000254,59.22,0.000258,59.25
444,0.000253,67.81,0.000258,59.27
445,0.000254,50.74,0.000258,59.25
446,0.000260,59.33,0.000258,59.25
447,0.000257,67.92,0.000258,59.27
448,0.000254,50.70,0.000258,59.25
449,0.000259,59.29,0.000258,59.25
450,0.000253,67.88,0.000258,59.27
451,0.000249,50.63,0.000258,59.25
452,0.000261,59.22,0.000258,59.25
453,0.000259,67.81,0.000258,59.27
454,0.000255,50.63,0.000258,59.25
455,0.000266,59.22,0.000258,59.25
456,0.000264,67.81,0.000258,59.27
457,0.000254,50.63,0.000258,59.25
458,0.000263,59.22,0.000258,59.25
459,0.000259,67.81,0.000258,59.27
460,0.000256,50.63,0.000258,59.25
461,0.000262,59.22,0.000258,59.25
462,0.000257,67.81,0.000258,59.27
463,0.000248,50.63,0.000258,59.25
464,0.000257,59.22,0.000258,59.25
465,0.000260,67.81,0.000258,59.27
466,0.000258,50.74,0.000258,59.25
467,0.000259,59.33,0.000258,59.25
468,0.000264,67.92,0.000258,59.27
469,0.000259,50.63,0.000258,59.25
470,0.000255,59.22,0.000258,59.25
471,0.000253,67.81,0.000258,59.27
472,0.000255,50.71,0.000258,59.25
473,0.000255,59.30,0.000258,59.25
474,0.000259,67.89,0.000258,59.27
475,0.000257,50.67,0.000258,59.25
476,0.000251,59.26,0.000258,59.25
477,0.000256,67.85,0.000258,59.27
478,0.000254,50.75,0.000258,59.25
479,0.000253,59.34,0.000258,59.25
480,0.000255,67.93,0.000258,59.27
481,0.000248,50.63,0.000258,59.25
482,0.000259,59.22,0.000258,59.25
483,0.000251,67.81,0.000258,59.27
484,0.000256,50.71,0.000258,59.25
485,0.000253,59.29,0.000257,59.25
486,0.000256,67.88,0.000257,59.27
487,0.000250,50.66,0.000257,59.25
488,0.000248,59.25,0.000257,59.25
489,0.000251,67.84,0.000257,59.27
490,0.000246,50.70,0.000257,59.25
491,0.000266,59.29,0.000257,59.25
492,0.000252,67.88,0.000257,59.27
493,0.000254,50.66,0.000257,59.25
494,0.000252,59.25,0.000257,59.25
495,0.000261,67.84,0.000257,59.27
496,0.000256,50.70,0.000257,59.25
497,0.000257,59.29,0.000257,59.25
498,0.000258,67.88,0.000257,59.27
499,0.000258,50.66,0.000257,59.25
500,0.000253,59.25,0.000257,59.25
